{
  "config": {
    "model_name": "vidore/colSmol-256M",
    "device": "cuda",
    "batch_size": 2,
    "dpi": 150,
    "threshold": 0.49470359086990356,
    "max_chunk_pages": 4,
    "soft_window": 1,
    "ground_truth_path": "data/grouth_truth.json",
    "pdf_root": "data/files",
    "file_name": "eng_diff_topics/eng_diff_topics_top4_shuffled.pdf"
  },
  "counts": {
    "num_pages": 27,
    "num_edges": 26,
    "num_gt_boundaries": 8,
    "num_pred_boundaries": 8
  },
  "metrics": {
    "hard": {
      "tp": 7,
      "fp": 1,
      "fn": 1,
      "precision": 0.875,
      "recall": 0.875,
      "f1": 0.875,
      "over_cut_rate": 0.05555555555555555,
      "miss_cut_rate": 0.125
    },
    "soft": {
      "window": 1,
      "soft_tp": 7,
      "soft_fp": 1,
      "soft_fn": 1,
      "soft_precision": 0.875,
      "soft_recall": 0.875,
      "soft_f1": 0.875,
      "mean_match_credit": 1.0
    }
  },
  "diagnostics": {
    "adjacent_cosine_scores": [
      0.9029678702354431,
      0.9311221837997437,
      0.9488929510116577,
      0.21294358372688293,
      0.6341676712036133,
      0.5237250924110413,
      0.49470359086990356,
      0.13787564635276794,
      0.9548827409744263,
      0.9300945401191711,
      0.1772984266281128,
      0.49820592999458313,
      0.40095439553260803,
      0.9548282623291016,
      0.7707556486129761,
      0.2238626480102539,
      0.8066122531890869,
      0.3837985396385193,
      0.6044516563415527,
      0.3946736752986908,
      0.8058795928955078,
      0.8158754706382751,
      0.4301093518733978,
      0.688988983631134,
      0.5635671019554138,
      0.7823362946510315
    ],
    "gt_page_end_labels": [
      0,
      0,
      0,
      1,
      0,
      1,
      0,
      1,
      0,
      0,
      1,
      0,
      1,
      0,
      0,
      1,
      0,
      0,
      0,
      1,
      0,
      0,
      1,
      0,
      0,
      0,
      1
    ],
    "pred_page_end_labels": [
      0,
      0,
      0,
      1,
      0,
      0,
      0,
      1,
      0,
      0,
      1,
      0,
      1,
      0,
      0,
      1,
      0,
      1,
      0,
      1,
      0,
      0,
      1,
      0,
      0,
      0,
      1
    ]
  }
}