{
  "config": {
    "model_name": "vidore/colSmol-256M",
    "device": "cuda",
    "batch_size": 2,
    "dpi": 150,
    "threshold": -0.12479397654533386,
    "max_chunk_pages": 4,
    "soft_window": 1,
    "boundary_mode": "multiview_local_margin",
    "ground_truth_path": "data/grouth_truth.json",
    "pdf_root": "data/files",
    "file_name": "eng_diff_topics/eng_diff_topics_top4_shuffled.pdf"
  },
  "counts": {
    "num_pages": 27,
    "num_edges": 26,
    "num_gt_boundaries": 8,
    "num_pred_boundaries": 9
  },
  "metrics": {
    "hard": {
      "tp": 8,
      "fp": 1,
      "fn": 0,
      "precision": 0.8888888888888888,
      "recall": 1.0,
      "f1": 0.9411764705882353,
      "over_cut_rate": 0.05555555555555555,
      "miss_cut_rate": 0.0
    },
    "soft": {
      "window": 1,
      "soft_tp": 8,
      "soft_fp": 1,
      "soft_fn": 0,
      "soft_precision": 0.8888888888888888,
      "soft_recall": 1.0,
      "soft_f1": 0.9411764705882353,
      "mean_match_credit": 1.0
    }
  },
  "diagnostics": {
    "edge_raw_multiview_scores": [
      0.7934862971305847,
      0.7465498447418213,
      0.5083702206611633,
      0.26912152767181396,
      0.6394588947296143,
      0.5212323665618896,
      0.7165589332580566,
      0.12223654985427856,
      0.8440375924110413,
      0.7526057958602905,
      0.25344452261924744,
      0.5515182614326477,
      0.22960609197616577,
      0.6053773760795593,
      0.6665112376213074,
      0.12882107496261597,
      0.5638894438743591,
      0.4346916675567627,
      0.555081844329834,
      0.3039379417896271,
      0.4751068949699402,
      0.5259475111961365,
      0.3524744212627411,
      0.5967786312103271,
      0.30935508012771606,
      0.5164636373519897
    ],
    "edge_local_margin_scores": [
      0.023468226194381714,
      0.09562158584594727,
      0.0005345344543457031,
      -0.30479303002357483,
      0.24428194761276245,
      -0.1567765474319458,
      0.39482447504997253,
      -0.6580617427825928,
      0.4066164195537567,
      0.20386473834514618,
      -0.3986175060272217,
      0.3099929690361023,
      -0.34884172677993774,
      0.15731871128082275,
      0.2994120121002197,
      -0.4863792657852173,
      0.2821330726146698,
      -0.12479397654533386,
      0.1857670396566391,
      -0.21115642786026,
      0.06016416847705841,
      0.11215685307979584,
      -0.20888864994049072,
      0.26586389541625977,
      -0.24726605415344238,
      0.10355427861213684
    ],
    "adjacent_cosine_scores": null,
    "gt_page_end_labels": [
      0,
      0,
      0,
      1,
      0,
      1,
      0,
      1,
      0,
      0,
      1,
      0,
      1,
      0,
      0,
      1,
      0,
      0,
      0,
      1,
      0,
      0,
      1,
      0,
      0,
      0,
      1
    ],
    "pred_page_end_labels": [
      0,
      0,
      0,
      1,
      0,
      1,
      0,
      1,
      0,
      0,
      1,
      0,
      1,
      0,
      0,
      1,
      0,
      0,
      0,
      1,
      0,
      0,
      1,
      0,
      1,
      0,
      1
    ]
  }
}