{
  "config": {
    "file_name": "test1.pdf",
    "model_name": "vidore/colSmol-256M",
    "device": "cuda",
    "threshold": 0.22600768337249755,
    "batch_size": 2,
    "dpi": 150,
    "max_chunk_pages": 4,
    "min_chunk_pages": 1,
    "soft_window": 1,
    "legacy_full_page_cosine": false,
    "keywords_json": null,
    "keyword_queries": {
      "unknown": [
        "unknown. General pages about topic 'unknown'."
      ]
    }
  },
  "counts": {
    "num_pages": 102,
    "num_pred_chunks": 102,
    "num_gt_boundaries": 91,
    "num_pred_boundaries": 101
  },
  "metrics": {
    "boundary": {
      "hard": {
        "tp": 91,
        "fp": 10,
        "fn": 0,
        "precision": 0.900990099009901,
        "recall": 1.0,
        "f1": 0.9479166666666667,
        "over_cut_rate": 1.0,
        "miss_cut_rate": 0.0
      },
      "soft": {
        "window": 1,
        "soft_tp": 91,
        "soft_fp": 10,
        "soft_fn": 0,
        "soft_precision": 0.900990099009901,
        "soft_recall": 1.0,
        "soft_f1": 0.9479166666666667,
        "mean_match_credit": 0.3678794411714425
      }
    },
    "classification": {
      "accuracy": 1.0,
      "macro_precision": 1.0,
      "macro_recall": 1.0,
      "macro_f1": 1.0,
      "labels": [
        "unknown"
      ],
      "per_class": {
        "unknown": {
          "precision": 1.0,
          "recall": 1.0,
          "f1": 1.0,
          "tp": 102,
          "fp": 0,
          "fn": 0
        }
      },
      "confusion_matrix": {
        "unknown": {
          "unknown": 102
        }
      }
    }
  },
  "artifacts": {
    "chunk_labels_path": "outputs/test1_chunk_labels_multiview.json"
  },
  "diagnostics": {
    "boundary_mode": "multiview_local_margin",
    "adjacent_cosine_scores": null,
    "edge_raw_multiview_scores": [
      0.9057434797286987,
      0.8348782062530518,
      0.7342615127563477,
      0.7092128992080688,
      0.7027233242988586,
      0.7895587086677551,
      0.744664192199707,
      0.683685839176178,
      0.8168392181396484,
      0.6635785102844238,
      0.7596330642700195,
      0.8124966025352478,
      0.8417777419090271,
      0.7955015897750854,
      0.6874269247055054,
      0.6981759071350098,
      0.7349534630775452,
      0.8512586951255798,
      0.7949761748313904,
      0.7927893400192261,
      0.8516989946365356,
      0.6692661046981812,
      0.7346104383468628,
      0.508735179901123,
      0.7074474692344666,
      0.8286030292510986,
      0.6321889758110046,
      0.8167259693145752,
      0.5747392177581787,
      0.7770366668701172,
      0.5704371333122253,
      0.8359098434448242,
      0.6551701426506042,
      0.719984769821167,
      0.6914326548576355,
      0.6124853491783142,
      0.7075215578079224,
      0.8409338593482971,
      0.7290180921554565,
      0.7644867300987244,
      0.5670551061630249,
      0.8031039834022522,
      0.5873374938964844,
      0.7830302715301514,
      0.6905423402786255,
      0.7334606051445007,
      0.800872266292572,
      0.6793045997619629,
      0.5536183714866638,
      0.8292500972747803,
      0.8545012474060059,
      0.8875420689582825,
      0.7807479500770569,
      0.7760759592056274,
      0.7005232572555542,
      0.7098096013069153,
      0.5415030717849731,
      0.6858885288238525,
      0.8222002983093262,
      0.6847295165061951,
      0.601746678352356,
      0.8219364881515503,
      0.7924054265022278,
      0.8512773513793945,
      0.7464501857757568,
      0.6857079267501831,
      0.7377668619155884,
      0.8372068405151367,
      0.8412234783172607,
      0.6369194984436035,
      0.8082513809204102,
      0.6192520260810852,
      0.7469809055328369,
      0.7870232462882996,
      0.5963168740272522,
      0.6302506327629089,
      0.6419351100921631,
      0.727005660533905,
      0.7312262058258057,
      0.7070450186729431,
      0.8484236001968384,
      0.9093632698059082,
      0.7279985547065735,
      0.8167211413383484,
      0.7978318333625793,
      0.9199676513671875,
      0.6871306896209717,
      0.742499828338623,
      0.7037373185157776,
      0.4911779463291168,
      0.6639517545700073,
      0.849980354309082,
      0.682731568813324,
      0.8144189119338989,
      0.8188789486885071,
      0.8694025874137878,
      0.8226817846298218,
      0.8595633506774902,
      0.849407434463501,
      0.7683131694793701,
      0.7882512807846069
    ],
    "edge_local_margin_scores": [
      0.035432636737823486,
      0.014875710010528564,
      -0.037784039974212646,
      -0.009279519319534302,
      -0.046662479639053345,
      0.06586495041847229,
      0.008041918277740479,
      -0.09706586599349976,
      0.14320704340934753,
      -0.12465763092041016,
      0.021595507860183716,
      0.011791199445724487,
      0.037778645753860474,
      0.030899256467819214,
      -0.059411823749542236,
      -0.013014286756515503,
      -0.039763838052749634,
      0.08629387617111206,
      -0.027047842741012573,
      -0.03054824471473694,
      0.12067127227783203,
      -0.12388861179351807,
      0.1456097960472107,
      -0.21229377388954163,
      0.03877836465835571,
      0.15878480672836304,
      -0.19047552347183228,
      0.21326187252998352,
      -0.22214210033416748,
      0.20444849133491516,
      -0.23603612184524536,
      0.22310620546340942,
      -0.12277716398239136,
      0.04668337106704712,
      0.025197595357894897,
      -0.08699175715446472,
      -0.0191880464553833,
      0.12266403436660767,
      -0.0736922025680542,
      0.11645013093948364,
      -0.21674025058746338,
      0.22590768337249756,
      -0.2057296335697174,
      0.14409035444259644,
      -0.06770309805870056,
      -0.012246698141098022,
      0.09448966383934021,
      0.0020592808723449707,
      -0.20065897703170776,
      0.12519028782844543,
      -0.0038948357105255127,
      0.0699174702167511,
      -0.05106106400489807,
      0.0354403555393219,
      -0.04241952300071716,
      0.08879643678665161,
      -0.15634599328041077,
      0.004036843776702881,
      0.13689127564430237,
      -0.027243971824645996,
      -0.15158632397651672,
      0.12486043572425842,
      -0.04420149326324463,
      0.08184954524040222,
      -0.022042453289031982,
      -0.0564005970954895,
      -0.023690521717071533,
      0.04771167039871216,
      0.10416030883789062,
      -0.18781793117523193,
      0.1801656186580658,
      -0.15836411714553833,
      0.04384326934814453,
      0.115374356508255,
      -0.11232006549835205,
      0.011124640703201294,
      -0.036693036556243896,
      0.040425002574920654,
      0.014200866222381592,
      -0.0827798843383789,
      0.04021945595741272,
      0.12115219235420227,
      -0.1350436508655548,
      0.05380594730377197,
      -0.0705125629901886,
      0.177486389875412,
      -0.1441030502319336,
      0.04706582427024841,
      0.08689843118190765,
      -0.19266659021377563,
      -0.006627395749092102,
      0.17663869261741638,
      -0.1494680643081665,
      0.0636136531829834,
      -0.023031800985336304,
      0.04862222075462341,
      -0.04180118441581726,
      0.023518741130828857,
      0.0354691743850708,
      -0.05051618814468384,
      0.009969055652618408
    ],